"constraint_scenario","constraint_scenario.1","pressures","Num_unstable","Num_stable","Pot_stability"
"High Sediment Supply","Microtidal, High Hydro-connectivity, High Coastal squeeze","Sea-level rise",1615,1000,0.382409177820268
"Low Sediment Supply","Mesotidal, High Hydro-connectivity, High Coastal squeeze","Cyclones",1579,1000,0.387747188832881
"High Sediment Supply","Macrotidal, High Hydro-connectivity, High Coastal squeeze","Groundwater extraction",1664,1000,0.375375375375375
"Low Sediment Supply","Microtidal, Low Hydro-connectivity, High Coastal squeeze","Coastal development",1497,1000,0.40048057669203
"High Sediment Supply","Mesotidal, Low Hydro-connectivity, High Coastal squeeze","Erosion",1568,1000,0.389408099688474
"Low Sediment Supply","Macrotidal, Low Hydro-connectivity, High Coastal squeeze","Drought",1484,1000,0.402576489533011
"High Sediment Supply","Microtidal, High Hydro-connectivity, Medium Coastal squeeze","Dams",1632,1000,0.379939209726444
"Low Sediment Supply","Mesotidal, High Hydro-connectivity, Medium Coastal squeeze","Extreme rainfall",1474,1000,0.404203718674212
"High Sediment Supply","Macrotidal, High Hydro-connectivity, Medium Coastal squeeze","Dams & Extreme Rainfall",1456,1000,0.407166123778502
"Low Sediment Supply","Microtidal, Low Hydro-connectivity, Medium Coastal squeeze","Sea-level rise & Cyclones",1587,1000,0.386548125241593
"High Sediment Supply","Mesotidal, Low Hydro-connectivity, Medium Coastal squeeze","Sea-level rise & Groundwater extraction",1564,1000,0.390015600624025
"Low Sediment Supply","Macrotidal, Low Hydro-connectivity, Medium Coastal squeeze","Sea-level rise  & Coastal development",1684,1000,0.3725782414307
"High Sediment Supply","Microtidal, High Hydro-connectivity, Low Coastal squeeze","Sea-level rise & Erosion",1610,1000,0.383141762452107
"Low Sediment Supply","Mesotidal, High Hydro-connectivity, Low Coastal squeeze","Sea-level rise & Drought",1582,1000,0.387296669248644
"High Sediment Supply","Macrotidal, High Hydro-connectivity, Low Coastal squeeze","Sea-level rise & Dams",1549,1000,0.392310710082385
"Low Sediment Supply","Microtidal, Low Hydro-connectivity, Low Coastal squeeze","Sea-level rise & Extreme rainfall",1475,1000,0.404040404040404
"High Sediment Supply","Mesotidal, Low Hydro-connectivity, Low Coastal squeeze","Sea-level rise",1568,1000,0.389408099688474
"Low Sediment Supply","Macrotidal, Low Hydro-connectivity, Low Coastal squeeze","Cyclones",1424,1000,0.412541254125413
"High Sediment Supply","Microtidal, High Hydro-connectivity, High Coastal squeeze","Groundwater extraction",1630,1000,0.380228136882129
"Low Sediment Supply","Mesotidal, High Hydro-connectivity, High Coastal squeeze","Coastal development",1556,1000,0.391236306729264
"High Sediment Supply","Macrotidal, High Hydro-connectivity, High Coastal squeeze","Erosion",1541,1000,0.393545848091303
"Low Sediment Supply","Microtidal, Low Hydro-connectivity, High Coastal squeeze","Drought",1570,1000,0.389105058365759
"High Sediment Supply","Mesotidal, Low Hydro-connectivity, High Coastal squeeze","Dams",1557,1000,0.391083300743058
"Low Sediment Supply","Macrotidal, Low Hydro-connectivity, High Coastal squeeze","Extreme rainfall",1604,1000,0.384024577572965
"High Sediment Supply","Microtidal, High Hydro-connectivity, Medium Coastal squeeze","Dams & Extreme Rainfall",1589,1000,0.386249517188104
"Low Sediment Supply","Mesotidal, High Hydro-connectivity, Medium Coastal squeeze","Sea-level rise & Cyclones",1567,1000,0.389559797428905
"High Sediment Supply","Macrotidal, High Hydro-connectivity, Medium Coastal squeeze","Sea-level rise & Groundwater extraction",1501,1000,0.39984006397441
"Low Sediment Supply","Microtidal, Low Hydro-connectivity, Medium Coastal squeeze","Sea-level rise  & Coastal development",1590,1000,0.386100386100386
"High Sediment Supply","Mesotidal, Low Hydro-connectivity, Medium Coastal squeeze","Sea-level rise & Erosion",1541,1000,0.393545848091303
"Low Sediment Supply","Macrotidal, Low Hydro-connectivity, Medium Coastal squeeze","Sea-level rise & Drought",1543,1000,0.393236335037357
"High Sediment Supply","Microtidal, High Hydro-connectivity, Low Coastal squeeze","Sea-level rise & Dams",1604,1000,0.384024577572965
"Low Sediment Supply","Mesotidal, High Hydro-connectivity, Low Coastal squeeze","Sea-level rise & Extreme rainfall",1671,1000,0.374391613627855
"High Sediment Supply","Macrotidal, High Hydro-connectivity, Low Coastal squeeze","Sea-level rise",1631,1000,0.380083618396047
"Low Sediment Supply","Microtidal, Low Hydro-connectivity, Low Coastal squeeze","Cyclones",1510,1000,0.398406374501992
"High Sediment Supply","Mesotidal, Low Hydro-connectivity, Low Coastal squeeze","Groundwater extraction",1613,1000,0.382701875239189
"Low Sediment Supply","Macrotidal, Low Hydro-connectivity, Low Coastal squeeze","Coastal development",1507,1000,0.398883127243718
"High Sediment Supply","Microtidal, High Hydro-connectivity, High Coastal squeeze","Erosion",1435,1000,0.410677618069815
"Low Sediment Supply","Mesotidal, High Hydro-connectivity, High Coastal squeeze","Drought",1560,1000,0.390625
"High Sediment Supply","Macrotidal, High Hydro-connectivity, High Coastal squeeze","Dams",1729,1000,0.366434591425431
"Low Sediment Supply","Microtidal, Low Hydro-connectivity, High Coastal squeeze","Extreme rainfall",1589,1000,0.386249517188104
"High Sediment Supply","Mesotidal, Low Hydro-connectivity, High Coastal squeeze","Dams & Extreme Rainfall",1662,1000,0.375657400450789
"Low Sediment Supply","Macrotidal, Low Hydro-connectivity, High Coastal squeeze","Sea-level rise & Cyclones",1693,1000,0.371333085777943
"High Sediment Supply","Microtidal, High Hydro-connectivity, Medium Coastal squeeze","Sea-level rise & Groundwater extraction",1713,1000,0.368595650571323
"Low Sediment Supply","Mesotidal, High Hydro-connectivity, Medium Coastal squeeze","Sea-level rise  & Coastal development",1570,1000,0.389105058365759
"High Sediment Supply","Macrotidal, High Hydro-connectivity, Medium Coastal squeeze","Sea-level rise & Erosion",1596,1000,0.385208012326656
"Low Sediment Supply","Microtidal, Low Hydro-connectivity, Medium Coastal squeeze","Sea-level rise & Drought",1583,1000,0.387146728610143
"High Sediment Supply","Mesotidal, Low Hydro-connectivity, Medium Coastal squeeze","Sea-level rise & Dams",1627,1000,0.380662352493338
"Low Sediment Supply","Macrotidal, Low Hydro-connectivity, Medium Coastal squeeze","Sea-level rise & Extreme rainfall",1651,1000,0.377216144851
"High Sediment Supply","Microtidal, High Hydro-connectivity, Low Coastal squeeze","Sea-level rise",1634,1000,0.379650721336371
"Low Sediment Supply","Mesotidal, High Hydro-connectivity, Low Coastal squeeze","Cyclones",1618,1000,0.381970970206264
"High Sediment Supply","Macrotidal, High Hydro-connectivity, Low Coastal squeeze","Groundwater extraction",1519,1000,0.396982929734021
"Low Sediment Supply","Microtidal, Low Hydro-connectivity, Low Coastal squeeze","Coastal development",1600,1000,0.384615384615385
"High Sediment Supply","Mesotidal, Low Hydro-connectivity, Low Coastal squeeze","Erosion",1570,1000,0.389105058365759
"Low Sediment Supply","Macrotidal, Low Hydro-connectivity, Low Coastal squeeze","Drought",1585,1000,0.386847195357834
"High Sediment Supply","Microtidal, High Hydro-connectivity, High Coastal squeeze","Dams",1586,1000,0.386697602474865
"Low Sediment Supply","Mesotidal, High Hydro-connectivity, High Coastal squeeze","Extreme rainfall",1637,1000,0.379218809252939
"High Sediment Supply","Macrotidal, High Hydro-connectivity, High Coastal squeeze","Dams & Extreme Rainfall",1439,1000,0.410004100041
"Low Sediment Supply","Microtidal, Low Hydro-connectivity, High Coastal squeeze","Sea-level rise & Cyclones",1394,1000,0.417710944026733
"High Sediment Supply","Mesotidal, Low Hydro-connectivity, High Coastal squeeze","Sea-level rise & Groundwater extraction",1494,1000,0.400962309542903
"Low Sediment Supply","Macrotidal, Low Hydro-connectivity, High Coastal squeeze","Sea-level rise  & Coastal development",1542,1000,0.3933910306845
"High Sediment Supply","Microtidal, High Hydro-connectivity, Medium Coastal squeeze","Sea-level rise & Erosion",1674,1000,0.37397157816006
"Low Sediment Supply","Mesotidal, High Hydro-connectivity, Medium Coastal squeeze","Sea-level rise & Drought",1587,1000,0.386548125241593
"High Sediment Supply","Macrotidal, High Hydro-connectivity, Medium Coastal squeeze","Sea-level rise & Dams",1663,1000,0.375516334960571
"Low Sediment Supply","Microtidal, Low Hydro-connectivity, Medium Coastal squeeze","Sea-level rise & Extreme rainfall",1649,1000,0.377500943752359
"High Sediment Supply","Mesotidal, Low Hydro-connectivity, Medium Coastal squeeze","Sea-level rise",1544,1000,0.393081761006289
"Low Sediment Supply","Macrotidal, Low Hydro-connectivity, Medium Coastal squeeze","Cyclones",1699,1000,0.370507595405706
"High Sediment Supply","Microtidal, High Hydro-connectivity, Low Coastal squeeze","Groundwater extraction",1535,1000,0.394477317554241
"Low Sediment Supply","Mesotidal, High Hydro-connectivity, Low Coastal squeeze","Coastal development",1584,1000,0.386996904024768
"High Sediment Supply","Macrotidal, High Hydro-connectivity, Low Coastal squeeze","Erosion",1480,1000,0.403225806451613
"Low Sediment Supply","Microtidal, Low Hydro-connectivity, Low Coastal squeeze","Drought",1511,1000,0.398247710075667
"High Sediment Supply","Mesotidal, Low Hydro-connectivity, Low Coastal squeeze","Dams",1581,1000,0.387446726075165
"Low Sediment Supply","Macrotidal, Low Hydro-connectivity, Low Coastal squeeze","Extreme rainfall",1485,1000,0.402414486921529
"High Sediment Supply","Microtidal, High Hydro-connectivity, High Coastal squeeze","Dams & Extreme Rainfall",1590,1000,0.386100386100386
"Low Sediment Supply","Mesotidal, High Hydro-connectivity, High Coastal squeeze","Sea-level rise & Cyclones",1632,1000,0.379939209726444
"High Sediment Supply","Macrotidal, High Hydro-connectivity, High Coastal squeeze","Sea-level rise & Groundwater extraction",1621,1000,0.381533765738268
"Low Sediment Supply","Microtidal, Low Hydro-connectivity, High Coastal squeeze","Sea-level rise  & Coastal development",1529,1000,0.395413206801107
"High Sediment Supply","Mesotidal, Low Hydro-connectivity, High Coastal squeeze","Sea-level rise & Erosion",1564,1000,0.390015600624025
"Low Sediment Supply","Macrotidal, Low Hydro-connectivity, High Coastal squeeze","Sea-level rise & Drought",1530,1000,0.395256916996047
"High Sediment Supply","Microtidal, High Hydro-connectivity, Medium Coastal squeeze","Sea-level rise & Dams",1537,1000,0.394166338194718
"Low Sediment Supply","Mesotidal, High Hydro-connectivity, Medium Coastal squeeze","Sea-level rise & Extreme rainfall",1572,1000,0.388802488335925
"High Sediment Supply","Macrotidal, High Hydro-connectivity, Medium Coastal squeeze","Sea-level rise",1516,1000,0.397456279809221
"Low Sediment Supply","Microtidal, Low Hydro-connectivity, Medium Coastal squeeze","Cyclones",1678,1000,0.373412994772218
"High Sediment Supply","Mesotidal, Low Hydro-connectivity, Medium Coastal squeeze","Groundwater extraction",1569,1000,0.389256520046711
"Low Sediment Supply","Macrotidal, Low Hydro-connectivity, Medium Coastal squeeze","Coastal development",1552,1000,0.391849529780564
"High Sediment Supply","Microtidal, High Hydro-connectivity, Low Coastal squeeze","Erosion",1471,1000,0.404694455685957
"Low Sediment Supply","Mesotidal, High Hydro-connectivity, Low Coastal squeeze","Drought",1513,1000,0.397930760047752
"High Sediment Supply","Macrotidal, High Hydro-connectivity, Low Coastal squeeze","Dams",1571,1000,0.388953714507974
"Low Sediment Supply","Microtidal, Low Hydro-connectivity, Low Coastal squeeze","Extreme rainfall",1575,1000,0.388349514563107
"High Sediment Supply","Mesotidal, Low Hydro-connectivity, Low Coastal squeeze","Dams & Extreme Rainfall",1539,1000,0.393855848759354
"Low Sediment Supply","Macrotidal, Low Hydro-connectivity, Low Coastal squeeze","Sea-level rise & Cyclones",1594,1000,0.38550501156515
"High Sediment Supply","Microtidal, High Hydro-connectivity, High Coastal squeeze","Sea-level rise & Groundwater extraction",1598,1000,0.384911470361817
"Low Sediment Supply","Mesotidal, High Hydro-connectivity, High Coastal squeeze","Sea-level rise  & Coastal development",1657,1000,0.376364320662401
"High Sediment Supply","Macrotidal, High Hydro-connectivity, High Coastal squeeze","Sea-level rise & Erosion",1578,1000,0.387897595034911
"Low Sediment Supply","Microtidal, Low Hydro-connectivity, High Coastal squeeze","Sea-level rise & Drought",1586,1000,0.386697602474865
"High Sediment Supply","Mesotidal, Low Hydro-connectivity, High Coastal squeeze","Sea-level rise & Dams",1647,1000,0.377786173026067
"Low Sediment Supply","Macrotidal, Low Hydro-connectivity, High Coastal squeeze","Sea-level rise & Extreme rainfall",1491,1000,0.401445202729827
"High Sediment Supply","Microtidal, High Hydro-connectivity, Medium Coastal squeeze","Sea-level rise",1628,1000,0.380517503805175
"Low Sediment Supply","Mesotidal, High Hydro-connectivity, Medium Coastal squeeze","Cyclones",1624,1000,0.38109756097561
"High Sediment Supply","Macrotidal, High Hydro-connectivity, Medium Coastal squeeze","Groundwater extraction",1623,1000,0.381242851696531
"Low Sediment Supply","Microtidal, Low Hydro-connectivity, Medium Coastal squeeze","Coastal development",1655,1000,0.376647834274953
"High Sediment Supply","Mesotidal, Low Hydro-connectivity, Medium Coastal squeeze","Erosion",1634,1000,0.379650721336371
"Low Sediment Supply","Macrotidal, Low Hydro-connectivity, Medium Coastal squeeze","Drought",1674,1000,0.37397157816006
"High Sediment Supply","Microtidal, High Hydro-connectivity, Low Coastal squeeze","Dams",1574,1000,0.388500388500388
"Low Sediment Supply","Mesotidal, High Hydro-connectivity, Low Coastal squeeze","Extreme rainfall",1575,1000,0.388349514563107
"High Sediment Supply","Macrotidal, High Hydro-connectivity, Low Coastal squeeze","Dams & Extreme Rainfall",1533,1000,0.394788787998421
"Low Sediment Supply","Microtidal, Low Hydro-connectivity, Low Coastal squeeze","Sea-level rise & Cyclones",1542,1000,0.3933910306845
"High Sediment Supply","Mesotidal, Low Hydro-connectivity, Low Coastal squeeze","Sea-level rise & Groundwater extraction",1567,1000,0.389559797428905
"Low Sediment Supply","Macrotidal, Low Hydro-connectivity, Low Coastal squeeze","Sea-level rise  & Coastal development",1609,1000,0.383288616328095
"High Sediment Supply","Microtidal, High Hydro-connectivity, High Coastal squeeze","Sea-level rise & Erosion",1474,1000,0.404203718674212
"Low Sediment Supply","Mesotidal, High Hydro-connectivity, High Coastal squeeze","Sea-level rise & Drought",1663,1000,0.375516334960571
"High Sediment Supply","Macrotidal, High Hydro-connectivity, High Coastal squeeze","Sea-level rise & Dams",1632,1000,0.379939209726444
"Low Sediment Supply","Microtidal, Low Hydro-connectivity, High Coastal squeeze","Sea-level rise & Extreme rainfall",1535,1000,0.394477317554241
"High Sediment Supply","Mesotidal, Low Hydro-connectivity, High Coastal squeeze","Sea-level rise",1544,1000,0.393081761006289
"Low Sediment Supply","Macrotidal, Low Hydro-connectivity, High Coastal squeeze","Cyclones",1710,1000,0.3690036900369
"High Sediment Supply","Microtidal, High Hydro-connectivity, Medium Coastal squeeze","Groundwater extraction",1539,1000,0.393855848759354
"Low Sediment Supply","Mesotidal, High Hydro-connectivity, Medium Coastal squeeze","Coastal development",1525,1000,0.396039603960396
"High Sediment Supply","Macrotidal, High Hydro-connectivity, Medium Coastal squeeze","Erosion",1599,1000,0.384763370527126
"Low Sediment Supply","Microtidal, Low Hydro-connectivity, Medium Coastal squeeze","Drought",1555,1000,0.391389432485323
"High Sediment Supply","Mesotidal, Low Hydro-connectivity, Medium Coastal squeeze","Dams",1615,1000,0.382409177820268
"Low Sediment Supply","Macrotidal, Low Hydro-connectivity, Medium Coastal squeeze","Extreme rainfall",1676,1000,0.373692077727952
"High Sediment Supply","Microtidal, High Hydro-connectivity, Low Coastal squeeze","Dams & Extreme Rainfall",1460,1000,0.40650406504065
"Low Sediment Supply","Mesotidal, High Hydro-connectivity, Low Coastal squeeze","Sea-level rise & Cyclones",1618,1000,0.381970970206264
"High Sediment Supply","Macrotidal, High Hydro-connectivity, Low Coastal squeeze","Sea-level rise & Groundwater extraction",1597,1000,0.385059684251059
"Low Sediment Supply","Microtidal, Low Hydro-connectivity, Low Coastal squeeze","Sea-level rise  & Coastal development",1586,1000,0.386697602474865
"High Sediment Supply","Mesotidal, Low Hydro-connectivity, Low Coastal squeeze","Sea-level rise & Erosion",1604,1000,0.384024577572965
"Low Sediment Supply","Macrotidal, Low Hydro-connectivity, Low Coastal squeeze","Sea-level rise & Drought",1487,1000,0.402090872537193
"High Sediment Supply","Microtidal, High Hydro-connectivity, High Coastal squeeze","Sea-level rise & Dams",1608,1000,0.383435582822086
"Low Sediment Supply","Mesotidal, High Hydro-connectivity, High Coastal squeeze","Sea-level rise & Extreme rainfall",1530,1000,0.395256916996047
"High Sediment Supply","Macrotidal, High Hydro-connectivity, High Coastal squeeze","Sea-level rise",1594,1000,0.38550501156515
"Low Sediment Supply","Microtidal, Low Hydro-connectivity, High Coastal squeeze","Cyclones",1673,1000,0.374111485222596
"High Sediment Supply","Mesotidal, Low Hydro-connectivity, High Coastal squeeze","Groundwater extraction",1575,1000,0.388349514563107
"Low Sediment Supply","Macrotidal, Low Hydro-connectivity, High Coastal squeeze","Coastal development",1582,1000,0.387296669248644
"High Sediment Supply","Microtidal, High Hydro-connectivity, Medium Coastal squeeze","Erosion",1503,1000,0.399520575309628
"Low Sediment Supply","Mesotidal, High Hydro-connectivity, Medium Coastal squeeze","Drought",1595,1000,0.385356454720617
"High Sediment Supply","Macrotidal, High Hydro-connectivity, Medium Coastal squeeze","Dams",1531,1000,0.395100750691426
"Low Sediment Supply","Microtidal, Low Hydro-connectivity, Medium Coastal squeeze","Extreme rainfall",1667,1000,0.374953130858643
"High Sediment Supply","Mesotidal, Low Hydro-connectivity, Medium Coastal squeeze","Dams & Extreme Rainfall",1547,1000,0.392618767177071
"Low Sediment Supply","Macrotidal, Low Hydro-connectivity, Medium Coastal squeeze","Sea-level rise & Cyclones",1558,1000,0.390930414386239
"High Sediment Supply","Microtidal, High Hydro-connectivity, Low Coastal squeeze","Sea-level rise & Groundwater extraction",1499,1000,0.40016006402561
"Low Sediment Supply","Mesotidal, High Hydro-connectivity, Low Coastal squeeze","Sea-level rise  & Coastal development",1652,1000,0.377073906485671
"High Sediment Supply","Macrotidal, High Hydro-connectivity, Low Coastal squeeze","Sea-level rise & Erosion",1582,1000,0.387296669248644
"Low Sediment Supply","Microtidal, Low Hydro-connectivity, Low Coastal squeeze","Sea-level rise & Drought",1628,1000,0.380517503805175
"High Sediment Supply","Mesotidal, Low Hydro-connectivity, Low Coastal squeeze","Sea-level rise & Dams",1595,1000,0.385356454720617
"Low Sediment Supply","Macrotidal, Low Hydro-connectivity, Low Coastal squeeze","Sea-level rise & Extreme rainfall",1499,1000,0.40016006402561
"High Sediment Supply","Microtidal, High Hydro-connectivity, High Coastal squeeze","Sea-level rise",1469,1000,0.405022276225192
"Low Sediment Supply","Mesotidal, High Hydro-connectivity, High Coastal squeeze","Cyclones",1563,1000,0.390167772142021
"High Sediment Supply","Macrotidal, High Hydro-connectivity, High Coastal squeeze","Groundwater extraction",1630,1000,0.380228136882129
"Low Sediment Supply","Microtidal, Low Hydro-connectivity, High Coastal squeeze","Coastal development",1514,1000,0.397772474144789
"High Sediment Supply","Mesotidal, Low Hydro-connectivity, High Coastal squeeze","Erosion",1604,1000,0.384024577572965
"Low Sediment Supply","Macrotidal, Low Hydro-connectivity, High Coastal squeeze","Drought",1607,1000,0.383582662063675
"High Sediment Supply","Microtidal, High Hydro-connectivity, Medium Coastal squeeze","Dams",1553,1000,0.391696043869957
"Low Sediment Supply","Mesotidal, High Hydro-connectivity, Medium Coastal squeeze","Extreme rainfall",1507,1000,0.398883127243718
"High Sediment Supply","Macrotidal, High Hydro-connectivity, Medium Coastal squeeze","Dams & Extreme Rainfall",1525,1000,0.396039603960396
"Low Sediment Supply","Microtidal, Low Hydro-connectivity, Medium Coastal squeeze","Sea-level rise & Cyclones",1616,1000,0.382262996941896
"High Sediment Supply","Mesotidal, Low Hydro-connectivity, Medium Coastal squeeze","Sea-level rise & Groundwater extraction",1605,1000,0.383877159309021
"Low Sediment Supply","Macrotidal, Low Hydro-connectivity, Medium Coastal squeeze","Sea-level rise  & Coastal development",1642,1000,0.378501135503407
"High Sediment Supply","Microtidal, High Hydro-connectivity, Low Coastal squeeze","Sea-level rise & Erosion",1593,1000,0.385653682992673
"Low Sediment Supply","Mesotidal, High Hydro-connectivity, Low Coastal squeeze","Sea-level rise & Drought",1593,1000,0.385653682992673
"High Sediment Supply","Macrotidal, High Hydro-connectivity, Low Coastal squeeze","Sea-level rise & Dams",1502,1000,0.399680255795364
"Low Sediment Supply","Microtidal, Low Hydro-connectivity, Low Coastal squeeze","Sea-level rise & Extreme rainfall",1443,1000,0.409332787556283
"High Sediment Supply","Mesotidal, Low Hydro-connectivity, Low Coastal squeeze","Sea-level rise",1602,1000,0.384319754035357
"Low Sediment Supply","Macrotidal, Low Hydro-connectivity, Low Coastal squeeze","Cyclones",1514,1000,0.397772474144789
"High Sediment Supply","Microtidal, High Hydro-connectivity, High Coastal squeeze","Groundwater extraction",1609,1000,0.383288616328095
"Low Sediment Supply","Mesotidal, High Hydro-connectivity, High Coastal squeeze","Coastal development",1592,1000,0.385802469135802
"High Sediment Supply","Macrotidal, High Hydro-connectivity, High Coastal squeeze","Erosion",1492,1000,0.401284109149278
"Low Sediment Supply","Microtidal, Low Hydro-connectivity, High Coastal squeeze","Drought",1616,1000,0.382262996941896
"High Sediment Supply","Mesotidal, Low Hydro-connectivity, High Coastal squeeze","Dams",1463,1000,0.406008932196508
"Low Sediment Supply","Macrotidal, Low Hydro-connectivity, High Coastal squeeze","Extreme rainfall",1545,1000,0.392927308447937
"High Sediment Supply","Microtidal, High Hydro-connectivity, Medium Coastal squeeze","Dams & Extreme Rainfall",1555,1000,0.391389432485323
"Low Sediment Supply","Mesotidal, High Hydro-connectivity, Medium Coastal squeeze","Sea-level rise & Cyclones",1653,1000,0.376931775348662
"High Sediment Supply","Macrotidal, High Hydro-connectivity, Medium Coastal squeeze","Sea-level rise & Groundwater extraction",1619,1000,0.381825124093165
"Low Sediment Supply","Microtidal, Low Hydro-connectivity, Medium Coastal squeeze","Sea-level rise  & Coastal development",1705,1000,0.369685767097967
"High Sediment Supply","Mesotidal, Low Hydro-connectivity, Medium Coastal squeeze","Sea-level rise & Erosion",1602,1000,0.384319754035357
"Low Sediment Supply","Macrotidal, Low Hydro-connectivity, Medium Coastal squeeze","Sea-level rise & Drought",1608,1000,0.383435582822086
"High Sediment Supply","Microtidal, High Hydro-connectivity, Low Coastal squeeze","Sea-level rise & Dams",1603,1000,0.384172109104879
"Low Sediment Supply","Mesotidal, High Hydro-connectivity, Low Coastal squeeze","Sea-level rise & Extreme rainfall",1515,1000,0.397614314115308
"High Sediment Supply","Macrotidal, High Hydro-connectivity, Low Coastal squeeze","Sea-level rise",1590,1000,0.386100386100386
"Low Sediment Supply","Microtidal, Low Hydro-connectivity, Low Coastal squeeze","Cyclones",1648,1000,0.377643504531722
"High Sediment Supply","Mesotidal, Low Hydro-connectivity, Low Coastal squeeze","Groundwater extraction",1566,1000,0.38971161340608
"Low Sediment Supply","Macrotidal, Low Hydro-connectivity, Low Coastal squeeze","Coastal development",1671,1000,0.374391613627855
"High Sediment Supply","Microtidal, High Hydro-connectivity, High Coastal squeeze","Erosion",1600,1000,0.384615384615385
"Low Sediment Supply","Mesotidal, High Hydro-connectivity, High Coastal squeeze","Drought",1551,1000,0.392003136025088
"High Sediment Supply","Macrotidal, High Hydro-connectivity, High Coastal squeeze","Dams",1675,1000,0.373831775700935
"Low Sediment Supply","Microtidal, Low Hydro-connectivity, High Coastal squeeze","Extreme rainfall",1610,1000,0.383141762452107
"High Sediment Supply","Mesotidal, Low Hydro-connectivity, High Coastal squeeze","Dams & Extreme Rainfall",1578,1000,0.387897595034911
"Low Sediment Supply","Macrotidal, Low Hydro-connectivity, High Coastal squeeze","Sea-level rise & Cyclones",1607,1000,0.383582662063675
"High Sediment Supply","Microtidal, High Hydro-connectivity, Medium Coastal squeeze","Sea-level rise & Groundwater extraction",1652,1000,0.377073906485671
"Low Sediment Supply","Mesotidal, High Hydro-connectivity, Medium Coastal squeeze","Sea-level rise  & Coastal development",1603,1000,0.384172109104879
"High Sediment Supply","Macrotidal, High Hydro-connectivity, Medium Coastal squeeze","Sea-level rise & Erosion",1520,1000,0.396825396825397
"Low Sediment Supply","Microtidal, Low Hydro-connectivity, Medium Coastal squeeze","Sea-level rise & Drought",1591,1000,0.385951370127364
"High Sediment Supply","Mesotidal, Low Hydro-connectivity, Medium Coastal squeeze","Sea-level rise & Dams",1496,1000,0.400641025641026
"Low Sediment Supply","Macrotidal, Low Hydro-connectivity, Medium Coastal squeeze","Sea-level rise & Extreme rainfall",1530,1000,0.395256916996047
"High Sediment Supply","Microtidal, High Hydro-connectivity, Low Coastal squeeze","Sea-level rise",1607,1000,0.383582662063675
"Low Sediment Supply","Mesotidal, High Hydro-connectivity, Low Coastal squeeze","Cyclones",1488,1000,0.401929260450161
"High Sediment Supply","Macrotidal, High Hydro-connectivity, Low Coastal squeeze","Groundwater extraction",1698,1000,0.370644922164566
"Low Sediment Supply","Microtidal, Low Hydro-connectivity, Low Coastal squeeze","Coastal development",1630,1000,0.380228136882129
"High Sediment Supply","Mesotidal, Low Hydro-connectivity, Low Coastal squeeze","Erosion",1576,1000,0.388198757763975
"Low Sediment Supply","Macrotidal, Low Hydro-connectivity, Low Coastal squeeze","Drought",1625,1000,0.380952380952381
"High Sediment Supply","Microtidal, High Hydro-connectivity, High Coastal squeeze","Dams",1671,1000,0.374391613627855
"Low Sediment Supply","Mesotidal, High Hydro-connectivity, High Coastal squeeze","Extreme rainfall",1689,1000,0.371885459278542
"High Sediment Supply","Macrotidal, High Hydro-connectivity, High Coastal squeeze","Dams & Extreme Rainfall",1640,1000,0.378787878787879
"Low Sediment Supply","Microtidal, Low Hydro-connectivity, High Coastal squeeze","Sea-level rise & Cyclones",1427,1000,0.412031314379893
"High Sediment Supply","Mesotidal, Low Hydro-connectivity, High Coastal squeeze","Sea-level rise & Groundwater extraction",1548,1000,0.392464678178964
"Low Sediment Supply","Macrotidal, Low Hydro-connectivity, High Coastal squeeze","Sea-level rise  & Coastal development",1567,1000,0.389559797428905
"High Sediment Supply","Microtidal, High Hydro-connectivity, Medium Coastal squeeze","Sea-level rise & Erosion",1623,1000,0.381242851696531
"Low Sediment Supply","Mesotidal, High Hydro-connectivity, Medium Coastal squeeze","Sea-level rise & Drought",1466,1000,0.40551500405515
"High Sediment Supply","Macrotidal, High Hydro-connectivity, Medium Coastal squeeze","Sea-level rise & Dams",1559,1000,0.390777647518562
"Low Sediment Supply","Microtidal, Low Hydro-connectivity, Medium Coastal squeeze","Sea-level rise & Extreme rainfall",1586,1000,0.386697602474865
"High Sediment Supply","Mesotidal, Low Hydro-connectivity, Medium Coastal squeeze","Sea-level rise",1595,1000,0.385356454720617
"Low Sediment Supply","Macrotidal, Low Hydro-connectivity, Medium Coastal squeeze","Cyclones",1650,1000,0.377358490566038
"High Sediment Supply","Microtidal, High Hydro-connectivity, Low Coastal squeeze","Groundwater extraction",1521,1000,0.396667988893296
"Low Sediment Supply","Mesotidal, High Hydro-connectivity, Low Coastal squeeze","Coastal development",1503,1000,0.399520575309628
"High Sediment Supply","Macrotidal, High Hydro-connectivity, Low Coastal squeeze","Erosion",1546,1000,0.392772977219167
"Low Sediment Supply","Microtidal, Low Hydro-connectivity, Low Coastal squeeze","Drought",1627,1000,0.380662352493338
"High Sediment Supply","Mesotidal, Low Hydro-connectivity, Low Coastal squeeze","Dams",1540,1000,0.393700787401575
"Low Sediment Supply","Macrotidal, Low Hydro-connectivity, Low Coastal squeeze","Extreme rainfall",1569,1000,0.389256520046711
"High Sediment Supply","Microtidal, High Hydro-connectivity, High Coastal squeeze","Dams & Extreme Rainfall",1491,1000,0.401445202729827
"Low Sediment Supply","Mesotidal, High Hydro-connectivity, High Coastal squeeze","Sea-level rise & Cyclones",1611,1000,0.382995021064726
"High Sediment Supply","Macrotidal, High Hydro-connectivity, High Coastal squeeze","Sea-level rise & Groundwater extraction",1511,1000,0.398247710075667
"Low Sediment Supply","Microtidal, Low Hydro-connectivity, High Coastal squeeze","Sea-level rise  & Coastal development",1538,1000,0.394011032308905
"High Sediment Supply","Mesotidal, Low Hydro-connectivity, High Coastal squeeze","Sea-level rise & Erosion",1580,1000,0.387596899224806
"Low Sediment Supply","Macrotidal, Low Hydro-connectivity, High Coastal squeeze","Sea-level rise & Drought",1492,1000,0.401284109149278
"High Sediment Supply","Microtidal, High Hydro-connectivity, Medium Coastal squeeze","Sea-level rise & Dams",1631,1000,0.380083618396047
"Low Sediment Supply","Mesotidal, High Hydro-connectivity, Medium Coastal squeeze","Sea-level rise & Extreme rainfall",1561,1000,0.390472471690746
"High Sediment Supply","Macrotidal, High Hydro-connectivity, Medium Coastal squeeze","Sea-level rise",1608,1000,0.383435582822086
"Low Sediment Supply","Microtidal, Low Hydro-connectivity, Medium Coastal squeeze","Cyclones",1445,1000,0.408997955010225
"High Sediment Supply","Mesotidal, Low Hydro-connectivity, Medium Coastal squeeze","Groundwater extraction",1630,1000,0.380228136882129
"Low Sediment Supply","Macrotidal, Low Hydro-connectivity, Medium Coastal squeeze","Coastal development",1566,1000,0.38971161340608
"High Sediment Supply","Microtidal, High Hydro-connectivity, Low Coastal squeeze","Erosion",1582,1000,0.387296669248644
"Low Sediment Supply","Mesotidal, High Hydro-connectivity, Low Coastal squeeze","Drought",1646,1000,0.377928949357521
"High Sediment Supply","Macrotidal, High Hydro-connectivity, Low Coastal squeeze","Dams",1534,1000,0.394632991318074
"Low Sediment Supply","Microtidal, Low Hydro-connectivity, Low Coastal squeeze","Extreme rainfall",1535,1000,0.394477317554241
"High Sediment Supply","Mesotidal, Low Hydro-connectivity, Low Coastal squeeze","Dams & Extreme Rainfall",1587,1000,0.386548125241593
"Low Sediment Supply","Macrotidal, Low Hydro-connectivity, Low Coastal squeeze","Sea-level rise & Cyclones",1649,1000,0.377500943752359
"High Sediment Supply","Microtidal, High Hydro-connectivity, High Coastal squeeze","Sea-level rise & Groundwater extraction",1581,1000,0.387446726075165
"Low Sediment Supply","Mesotidal, High Hydro-connectivity, High Coastal squeeze","Sea-level rise  & Coastal development",1603,1000,0.384172109104879
"High Sediment Supply","Macrotidal, High Hydro-connectivity, High Coastal squeeze","Sea-level rise & Erosion",1616,1000,0.382262996941896
"Low Sediment Supply","Microtidal, Low Hydro-connectivity, High Coastal squeeze","Sea-level rise & Drought",1552,1000,0.391849529780564
"High Sediment Supply","Mesotidal, Low Hydro-connectivity, High Coastal squeeze","Sea-level rise & Dams",1582,1000,0.387296669248644
"Low Sediment Supply","Macrotidal, Low Hydro-connectivity, High Coastal squeeze","Sea-level rise & Extreme rainfall",1704,1000,0.369822485207101
"High Sediment Supply","Microtidal, High Hydro-connectivity, Medium Coastal squeeze","Sea-level rise",1440,1000,0.40983606557377
"Low Sediment Supply","Mesotidal, High Hydro-connectivity, Medium Coastal squeeze","Cyclones",1519,1000,0.396982929734021
"High Sediment Supply","Macrotidal, High Hydro-connectivity, Medium Coastal squeeze","Groundwater extraction",1602,1000,0.384319754035357
"Low Sediment Supply","Microtidal, Low Hydro-connectivity, Medium Coastal squeeze","Coastal development",1586,1000,0.386697602474865
"High Sediment Supply","Mesotidal, Low Hydro-connectivity, Medium Coastal squeeze","Erosion",1457,1000,0.407000407000407
"Low Sediment Supply","Macrotidal, Low Hydro-connectivity, Medium Coastal squeeze","Drought",1674,1000,0.37397157816006
"High Sediment Supply","Microtidal, High Hydro-connectivity, Low Coastal squeeze","Dams",1480,1000,0.403225806451613
"Low Sediment Supply","Mesotidal, High Hydro-connectivity, Low Coastal squeeze","Extreme rainfall",1520,1000,0.396825396825397
"High Sediment Supply","Macrotidal, High Hydro-connectivity, Low Coastal squeeze","Dams & Extreme Rainfall",1562,1000,0.39032006245121
"Low Sediment Supply","Microtidal, Low Hydro-connectivity, Low Coastal squeeze","Sea-level rise & Cyclones",1583,1000,0.387146728610143
"High Sediment Supply","Mesotidal, Low Hydro-connectivity, Low Coastal squeeze","Sea-level rise & Groundwater extraction",1599,1000,0.384763370527126
"Low Sediment Supply","Macrotidal, Low Hydro-connectivity, Low Coastal squeeze","Sea-level rise  & Coastal development",1509,1000,0.398565165404544
"High Sediment Supply","Microtidal, High Hydro-connectivity, High Coastal squeeze","Sea-level rise & Erosion",1555,1000,0.391389432485323
"Low Sediment Supply","Mesotidal, High Hydro-connectivity, High Coastal squeeze","Sea-level rise & Drought",1565,1000,0.389863547758285
"High Sediment Supply","Macrotidal, High Hydro-connectivity, High Coastal squeeze","Sea-level rise & Dams",1564,1000,0.390015600624025
"Low Sediment Supply","Microtidal, Low Hydro-connectivity, High Coastal squeeze","Sea-level rise & Extreme rainfall",1415,1000,0.41407867494824
"High Sediment Supply","Mesotidal, Low Hydro-connectivity, High Coastal squeeze","Sea-level rise",1493,1000,0.401123144805455
"Low Sediment Supply","Macrotidal, Low Hydro-connectivity, High Coastal squeeze","Cyclones",1587,1000,0.386548125241593
"High Sediment Supply","Microtidal, High Hydro-connectivity, Medium Coastal squeeze","Groundwater extraction",1656,1000,0.376506024096386
"Low Sediment Supply","Mesotidal, High Hydro-connectivity, Medium Coastal squeeze","Coastal development",1630,1000,0.380228136882129
"High Sediment Supply","Macrotidal, High Hydro-connectivity, Medium Coastal squeeze","Erosion",1463,1000,0.406008932196508
"Low Sediment Supply","Microtidal, Low Hydro-connectivity, Medium Coastal squeeze","Drought",1596,1000,0.385208012326656
"High Sediment Supply","Mesotidal, Low Hydro-connectivity, Medium Coastal squeeze","Dams",1558,1000,0.390930414386239
"Low Sediment Supply","Macrotidal, Low Hydro-connectivity, Medium Coastal squeeze","Extreme rainfall",1445,1000,0.408997955010225
"High Sediment Supply","Microtidal, High Hydro-connectivity, Low Coastal squeeze","Dams & Extreme Rainfall",1660,1000,0.37593984962406
"Low Sediment Supply","Mesotidal, High Hydro-connectivity, Low Coastal squeeze","Sea-level rise & Cyclones",1624,1000,0.38109756097561
"High Sediment Supply","Macrotidal, High Hydro-connectivity, Low Coastal squeeze","Sea-level rise & Groundwater extraction",1501,1000,0.39984006397441
"Low Sediment Supply","Microtidal, Low Hydro-connectivity, Low Coastal squeeze","Sea-level rise  & Coastal development",1678,1000,0.373412994772218
"High Sediment Supply","Mesotidal, Low Hydro-connectivity, Low Coastal squeeze","Sea-level rise & Erosion",1515,1000,0.397614314115308
"Low Sediment Supply","Macrotidal, Low Hydro-connectivity, Low Coastal squeeze","Sea-level rise & Drought",1572,1000,0.388802488335925
"High Sediment Supply","Microtidal, High Hydro-connectivity, High Coastal squeeze","Sea-level rise & Dams",1575,1000,0.388349514563107
"Low Sediment Supply","Mesotidal, High Hydro-connectivity, High Coastal squeeze","Sea-level rise & Extreme rainfall",1586,1000,0.386697602474865
"High Sediment Supply","Macrotidal, High Hydro-connectivity, High Coastal squeeze","Sea-level rise",1504,1000,0.399361022364217
"Low Sediment Supply","Microtidal, Low Hydro-connectivity, High Coastal squeeze","Cyclones",1594,1000,0.38550501156515
"High Sediment Supply","Mesotidal, Low Hydro-connectivity, High Coastal squeeze","Groundwater extraction",1592,1000,0.385802469135802
"Low Sediment Supply","Macrotidal, Low Hydro-connectivity, High Coastal squeeze","Coastal development",1615,1000,0.382409177820268
"High Sediment Supply","Microtidal, High Hydro-connectivity, Medium Coastal squeeze","Erosion",1505,1000,0.399201596806387
"Low Sediment Supply","Mesotidal, High Hydro-connectivity, Medium Coastal squeeze","Drought",1575,1000,0.388349514563107
"High Sediment Supply","Macrotidal, High Hydro-connectivity, Medium Coastal squeeze","Dams",1453,1000,0.40766408479413
"Low Sediment Supply","Microtidal, Low Hydro-connectivity, Medium Coastal squeeze","Extreme rainfall",1440,1000,0.40983606557377
"High Sediment Supply","Mesotidal, Low Hydro-connectivity, Medium Coastal squeeze","Dams & Extreme Rainfall",1623,1000,0.381242851696531
"Low Sediment Supply","Macrotidal, Low Hydro-connectivity, Medium Coastal squeeze","Sea-level rise & Cyclones",1623,1000,0.381242851696531
"High Sediment Supply","Microtidal, High Hydro-connectivity, Low Coastal squeeze","Sea-level rise & Groundwater extraction",1605,1000,0.383877159309021
"Low Sediment Supply","Mesotidal, High Hydro-connectivity, Low Coastal squeeze","Sea-level rise  & Coastal development",1691,1000,0.371609067261241
"High Sediment Supply","Macrotidal, High Hydro-connectivity, Low Coastal squeeze","Sea-level rise & Erosion",1739,1000,0.365096750638919
"Low Sediment Supply","Microtidal, Low Hydro-connectivity, Low Coastal squeeze","Sea-level rise & Drought",1557,1000,0.391083300743058
"High Sediment Supply","Mesotidal, Low Hydro-connectivity, Low Coastal squeeze","Sea-level rise & Dams",1583,1000,0.387146728610143
"Low Sediment Supply","Macrotidal, Low Hydro-connectivity, Low Coastal squeeze","Sea-level rise & Extreme rainfall",1581,1000,0.387446726075165
"High Sediment Supply","Microtidal, High Hydro-connectivity, High Coastal squeeze","Sea-level rise",1550,1000,0.392156862745098
"Low Sediment Supply","Mesotidal, High Hydro-connectivity, High Coastal squeeze","Cyclones",1555,1000,0.391389432485323
"High Sediment Supply","Macrotidal, High Hydro-connectivity, High Coastal squeeze","Groundwater extraction",1592,1000,0.385802469135802
"Low Sediment Supply","Microtidal, Low Hydro-connectivity, High Coastal squeeze","Coastal development",1603,1000,0.384172109104879
"High Sediment Supply","Mesotidal, Low Hydro-connectivity, High Coastal squeeze","Erosion",1576,1000,0.388198757763975
"Low Sediment Supply","Macrotidal, Low Hydro-connectivity, High Coastal squeeze","Drought",1484,1000,0.402576489533011
"High Sediment Supply","Microtidal, High Hydro-connectivity, Medium Coastal squeeze","Dams",1674,1000,0.37397157816006
"Low Sediment Supply","Mesotidal, High Hydro-connectivity, Medium Coastal squeeze","Extreme rainfall",1510,1000,0.398406374501992
"High Sediment Supply","Macrotidal, High Hydro-connectivity, Medium Coastal squeeze","Dams & Extreme Rainfall",1574,1000,0.388500388500388
"Low Sediment Supply","Microtidal, Low Hydro-connectivity, Medium Coastal squeeze","Sea-level rise & Cyclones",1615,1000,0.382409177820268
"High Sediment Supply","Mesotidal, Low Hydro-connectivity, Medium Coastal squeeze","Sea-level rise & Groundwater extraction",1523,1000,0.396353547364249
"Low Sediment Supply","Macrotidal, Low Hydro-connectivity, Medium Coastal squeeze","Sea-level rise  & Coastal development",1748,1000,0.363901018922853
"High Sediment Supply","Microtidal, High Hydro-connectivity, Low Coastal squeeze","Sea-level rise & Erosion",1631,1000,0.380083618396047
"Low Sediment Supply","Mesotidal, High Hydro-connectivity, Low Coastal squeeze","Sea-level rise & Drought",1639,1000,0.378931413414172
"High Sediment Supply","Macrotidal, High Hydro-connectivity, Low Coastal squeeze","Sea-level rise & Dams",1504,1000,0.399361022364217
"Low Sediment Supply","Microtidal, Low Hydro-connectivity, Low Coastal squeeze","Sea-level rise & Extreme rainfall",1544,1000,0.393081761006289
"High Sediment Supply","Mesotidal, Low Hydro-connectivity, Low Coastal squeeze","Sea-level rise",1639,1000,0.378931413414172
"Low Sediment Supply","Macrotidal, Low Hydro-connectivity, Low Coastal squeeze","Cyclones",1597,1000,0.385059684251059
"High Sediment Supply","Microtidal, High Hydro-connectivity, High Coastal squeeze","Groundwater extraction",1594,1000,0.38550501156515
"Low Sediment Supply","Mesotidal, High Hydro-connectivity, High Coastal squeeze","Coastal development",1646,1000,0.377928949357521
"High Sediment Supply","Macrotidal, High Hydro-connectivity, High Coastal squeeze","Erosion",1623,1000,0.381242851696531
"Low Sediment Supply","Microtidal, Low Hydro-connectivity, High Coastal squeeze","Drought",1642,1000,0.378501135503407
"High Sediment Supply","Mesotidal, Low Hydro-connectivity, High Coastal squeeze","Dams",1603,1000,0.384172109104879
"Low Sediment Supply","Macrotidal, Low Hydro-connectivity, High Coastal squeeze","Extreme rainfall",1505,1000,0.399201596806387
"High Sediment Supply","Microtidal, High Hydro-connectivity, Medium Coastal squeeze","Dams & Extreme Rainfall",1487,1000,0.402090872537193
"Low Sediment Supply","Mesotidal, High Hydro-connectivity, Medium Coastal squeeze","Sea-level rise & Cyclones",1526,1000,0.395882818685669
"High Sediment Supply","Macrotidal, High Hydro-connectivity, Medium Coastal squeeze","Sea-level rise & Groundwater extraction",1523,1000,0.396353547364249
"Low Sediment Supply","Microtidal, Low Hydro-connectivity, Medium Coastal squeeze","Sea-level rise  & Coastal development",1532,1000,0.394944707740916
"High Sediment Supply","Mesotidal, Low Hydro-connectivity, Medium Coastal squeeze","Sea-level rise & Erosion",1553,1000,0.391696043869957
"Low Sediment Supply","Macrotidal, Low Hydro-connectivity, Medium Coastal squeeze","Sea-level rise & Drought",1604,1000,0.384024577572965
"High Sediment Supply","Microtidal, High Hydro-connectivity, Low Coastal squeeze","Sea-level rise & Dams",1457,1000,0.407000407000407
"Low Sediment Supply","Mesotidal, High Hydro-connectivity, Low Coastal squeeze","Sea-level rise & Extreme rainfall",1595,1000,0.385356454720617
"High Sediment Supply","Macrotidal, High Hydro-connectivity, Low Coastal squeeze","Sea-level rise",1576,1000,0.388198757763975
"Low Sediment Supply","Microtidal, Low Hydro-connectivity, Low Coastal squeeze","Cyclones",1575,1000,0.388349514563107
"High Sediment Supply","Mesotidal, Low Hydro-connectivity, Low Coastal squeeze","Groundwater extraction",1646,1000,0.377928949357521
"Low Sediment Supply","Macrotidal, Low Hydro-connectivity, Low Coastal squeeze","Coastal development",1540,1000,0.393700787401575
"High Sediment Supply","Microtidal, High Hydro-connectivity, High Coastal squeeze","Erosion",1412,1000,0.414593698175788
"Low Sediment Supply","Mesotidal, High Hydro-connectivity, High Coastal squeeze","Drought",1583,1000,0.387146728610143
"High Sediment Supply","Macrotidal, High Hydro-connectivity, High Coastal squeeze","Dams",1680,1000,0.373134328358209
"Low Sediment Supply","Microtidal, Low Hydro-connectivity, High Coastal squeeze","Extreme rainfall",1571,1000,0.388953714507974
"High Sediment Supply","Mesotidal, Low Hydro-connectivity, High Coastal squeeze","Dams & Extreme Rainfall",1492,1000,0.401284109149278
"Low Sediment Supply","Macrotidal, Low Hydro-connectivity, High Coastal squeeze","Sea-level rise & Cyclones",1618,1000,0.381970970206264
"High Sediment Supply","Microtidal, High Hydro-connectivity, Medium Coastal squeeze","Sea-level rise & Groundwater extraction",1564,1000,0.390015600624025
"Low Sediment Supply","Mesotidal, High Hydro-connectivity, Medium Coastal squeeze","Sea-level rise  & Coastal development",1594,1000,0.38550501156515
"High Sediment Supply","Macrotidal, High Hydro-connectivity, Medium Coastal squeeze","Sea-level rise & Erosion",1549,1000,0.392310710082385
"Low Sediment Supply","Microtidal, Low Hydro-connectivity, Medium Coastal squeeze","Sea-level rise & Drought",1591,1000,0.385951370127364
"High Sediment Supply","Mesotidal, Low Hydro-connectivity, Medium Coastal squeeze","Sea-level rise & Dams",1544,1000,0.393081761006289
"Low Sediment Supply","Macrotidal, Low Hydro-connectivity, Medium Coastal squeeze","Sea-level rise & Extreme rainfall",1513,1000,0.397930760047752
"High Sediment Supply","Microtidal, High Hydro-connectivity, Low Coastal squeeze","Sea-level rise",1649,1000,0.377500943752359
"Low Sediment Supply","Mesotidal, High Hydro-connectivity, Low Coastal squeeze","Cyclones",1565,1000,0.389863547758285
"High Sediment Supply","Macrotidal, High Hydro-connectivity, Low Coastal squeeze","Groundwater extraction",1510,1000,0.398406374501992
"Low Sediment Supply","Microtidal, Low Hydro-connectivity, Low Coastal squeeze","Coastal development",1615,1000,0.382409177820268
"High Sediment Supply","Mesotidal, Low Hydro-connectivity, Low Coastal squeeze","Erosion",1619,1000,0.381825124093165
"Low Sediment Supply","Macrotidal, Low Hydro-connectivity, Low Coastal squeeze","Drought",1589,1000,0.386249517188104
"High Sediment Supply","Microtidal, High Hydro-connectivity, High Coastal squeeze","Dams",1506,1000,0.399042298483639
"Low Sediment Supply","Mesotidal, High Hydro-connectivity, High Coastal squeeze","Extreme rainfall",1512,1000,0.398089171974522
"High Sediment Supply","Macrotidal, High Hydro-connectivity, High Coastal squeeze","Dams & Extreme Rainfall",1472,1000,0.40453074433657
"Low Sediment Supply","Microtidal, Low Hydro-connectivity, High Coastal squeeze","Sea-level rise & Cyclones",1481,1000,0.403063280935107
"High Sediment Supply","Mesotidal, Low Hydro-connectivity, High Coastal squeeze","Sea-level rise & Groundwater extraction",1603,1000,0.384172109104879
"Low Sediment Supply","Macrotidal, Low Hydro-connectivity, High Coastal squeeze","Sea-level rise  & Coastal development",1475,1000,0.404040404040404
"High Sediment Supply","Microtidal, High Hydro-connectivity, Medium Coastal squeeze","Sea-level rise & Erosion",1523,1000,0.396353547364249
"Low Sediment Supply","Mesotidal, High Hydro-connectivity, Medium Coastal squeeze","Sea-level rise & Drought",1500,1000,0.4
"High Sediment Supply","Macrotidal, High Hydro-connectivity, Medium Coastal squeeze","Sea-level rise & Dams",1536,1000,0.394321766561514
"Low Sediment Supply","Microtidal, Low Hydro-connectivity, Medium Coastal squeeze","Sea-level rise & Extreme rainfall",1604,1000,0.384024577572965
"High Sediment Supply","Mesotidal, Low Hydro-connectivity, Medium Coastal squeeze","Sea-level rise",1670,1000,0.374531835205993
"Low Sediment Supply","Macrotidal, Low Hydro-connectivity, Medium Coastal squeeze","Cyclones",1544,1000,0.393081761006289
"High Sediment Supply","Microtidal, High Hydro-connectivity, Low Coastal squeeze","Groundwater extraction",1494,1000,0.400962309542903
"Low Sediment Supply","Mesotidal, High Hydro-connectivity, Low Coastal squeeze","Coastal development",1555,1000,0.391389432485323
"High Sediment Supply","Macrotidal, High Hydro-connectivity, Low Coastal squeeze","Erosion",1534,1000,0.394632991318074
"Low Sediment Supply","Microtidal, Low Hydro-connectivity, Low Coastal squeeze","Drought",1440,1000,0.40983606557377
"High Sediment Supply","Mesotidal, Low Hydro-connectivity, Low Coastal squeeze","Dams",1630,1000,0.380228136882129
"Low Sediment Supply","Macrotidal, Low Hydro-connectivity, Low Coastal squeeze","Extreme rainfall",1636,1000,0.379362670713202
"High Sediment Supply","Microtidal, High Hydro-connectivity, High Coastal squeeze","Dams & Extreme Rainfall",1527,1000,0.395726157499011
"Low Sediment Supply","Mesotidal, High Hydro-connectivity, High Coastal squeeze","Sea-level rise & Cyclones",1576,1000,0.388198757763975
"High Sediment Supply","Macrotidal, High Hydro-connectivity, High Coastal squeeze","Sea-level rise & Groundwater extraction",1579,1000,0.387747188832881
"Low Sediment Supply","Microtidal, Low Hydro-connectivity, High Coastal squeeze","Sea-level rise  & Coastal development",1569,1000,0.389256520046711
"High Sediment Supply","Mesotidal, Low Hydro-connectivity, High Coastal squeeze","Sea-level rise & Erosion",1459,1000,0.406669377795852
"Low Sediment Supply","Macrotidal, Low Hydro-connectivity, High Coastal squeeze","Sea-level rise & Drought",1668,1000,0.374812593703148
"High Sediment Supply","Microtidal, High Hydro-connectivity, Medium Coastal squeeze","Sea-level rise & Dams",1668,1000,0.374812593703148
"Low Sediment Supply","Mesotidal, High Hydro-connectivity, Medium Coastal squeeze","Sea-level rise & Extreme rainfall",1484,1000,0.402576489533011
"High Sediment Supply","Macrotidal, High Hydro-connectivity, Medium Coastal squeeze","Sea-level rise",1675,1000,0.373831775700935
"Low Sediment Supply","Microtidal, Low Hydro-connectivity, Medium Coastal squeeze","Cyclones",1469,1000,0.405022276225192
"High Sediment Supply","Mesotidal, Low Hydro-connectivity, Medium Coastal squeeze","Groundwater extraction",1549,1000,0.392310710082385
"Low Sediment Supply","Macrotidal, Low Hydro-connectivity, Medium Coastal squeeze","Coastal development",1635,1000,0.379506641366224
"High Sediment Supply","Microtidal, High Hydro-connectivity, Low Coastal squeeze","Erosion",1532,1000,0.394944707740916
"Low Sediment Supply","Mesotidal, High Hydro-connectivity, Low Coastal squeeze","Drought",1530,1000,0.395256916996047
"High Sediment Supply","Macrotidal, High Hydro-connectivity, Low Coastal squeeze","Dams",1599,1000,0.384763370527126
"Low Sediment Supply","Microtidal, Low Hydro-connectivity, Low Coastal squeeze","Extreme rainfall",1597,1000,0.385059684251059
"High Sediment Supply","Mesotidal, Low Hydro-connectivity, Low Coastal squeeze","Dams & Extreme Rainfall",1632,1000,0.379939209726444
"Low Sediment Supply","Macrotidal, Low Hydro-connectivity, Low Coastal squeeze","Sea-level rise & Cyclones",1578,1000,0.387897595034911
"High Sediment Supply","Microtidal, High Hydro-connectivity, High Coastal squeeze","Sea-level rise & Groundwater extraction",1656,1000,0.376506024096386
"Low Sediment Supply","Mesotidal, High Hydro-connectivity, High Coastal squeeze","Sea-level rise  & Coastal development",1561,1000,0.390472471690746
"High Sediment Supply","Macrotidal, High Hydro-connectivity, High Coastal squeeze","Sea-level rise & Erosion",1508,1000,0.398724082934609
"Low Sediment Supply","Microtidal, Low Hydro-connectivity, High Coastal squeeze","Sea-level rise & Drought",1642,1000,0.378501135503407
"High Sediment Supply","Mesotidal, Low Hydro-connectivity, High Coastal squeeze","Sea-level rise & Dams",1515,1000,0.397614314115308
"Low Sediment Supply","Macrotidal, Low Hydro-connectivity, High Coastal squeeze","Sea-level rise & Extreme rainfall",1579,1000,0.387747188832881
"High Sediment Supply","Microtidal, High Hydro-connectivity, Medium Coastal squeeze","Sea-level rise",1532,1000,0.394944707740916
"Low Sediment Supply","Mesotidal, High Hydro-connectivity, Medium Coastal squeeze","Cyclones",1617,1000,0.382116927779901
"High Sediment Supply","Macrotidal, High Hydro-connectivity, Medium Coastal squeeze","Groundwater extraction",1632,1000,0.379939209726444
"Low Sediment Supply","Microtidal, Low Hydro-connectivity, Medium Coastal squeeze","Coastal development",1517,1000,0.397298371076679
"High Sediment Supply","Mesotidal, Low Hydro-connectivity, Medium Coastal squeeze","Erosion",1615,1000,0.382409177820268
"Low Sediment Supply","Macrotidal, Low Hydro-connectivity, Medium Coastal squeeze","Drought",1470,1000,0.404858299595142
"High Sediment Supply","Microtidal, High Hydro-connectivity, Low Coastal squeeze","Dams",1692,1000,0.37147102526003
"Low Sediment Supply","Mesotidal, High Hydro-connectivity, Low Coastal squeeze","Extreme rainfall",1601,1000,0.384467512495194
"High Sediment Supply","Macrotidal, High Hydro-connectivity, Low Coastal squeeze","Dams & Extreme Rainfall",1599,1000,0.384763370527126
"Low Sediment Supply","Microtidal, Low Hydro-connectivity, Low Coastal squeeze","Sea-level rise & Cyclones",1521,1000,0.396667988893296
"High Sediment Supply","Mesotidal, Low Hydro-connectivity, Low Coastal squeeze","Sea-level rise & Groundwater extraction",1694,1000,0.371195248700817
"Low Sediment Supply","Macrotidal, Low Hydro-connectivity, Low Coastal squeeze","Sea-level rise  & Coastal development",1583,1000,0.387146728610143
"High Sediment Supply","Microtidal, High Hydro-connectivity, High Coastal squeeze","Sea-level rise & Erosion",1584,1000,0.386996904024768
"Low Sediment Supply","Mesotidal, High Hydro-connectivity, High Coastal squeeze","Sea-level rise & Drought",1664,1000,0.375375375375375
"High Sediment Supply","Macrotidal, High Hydro-connectivity, High Coastal squeeze","Sea-level rise & Dams",1461,1000,0.406338886631451
"Low Sediment Supply","Microtidal, Low Hydro-connectivity, High Coastal squeeze","Sea-level rise & Extreme rainfall",1534,1000,0.394632991318074
"High Sediment Supply","Mesotidal, Low Hydro-connectivity, High Coastal squeeze","Sea-level rise",1574,1000,0.388500388500388
"Low Sediment Supply","Macrotidal, Low Hydro-connectivity, High Coastal squeeze","Cyclones",1610,1000,0.383141762452107
"High Sediment Supply","Microtidal, High Hydro-connectivity, Medium Coastal squeeze","Groundwater extraction",1493,1000,0.401123144805455
"Low Sediment Supply","Mesotidal, High Hydro-connectivity, Medium Coastal squeeze","Coastal development",1513,1000,0.397930760047752
"High Sediment Supply","Macrotidal, High Hydro-connectivity, Medium Coastal squeeze","Erosion",1537,1000,0.394166338194718
"Low Sediment Supply","Microtidal, Low Hydro-connectivity, Medium Coastal squeeze","Drought",1589,1000,0.386249517188104
"High Sediment Supply","Mesotidal, Low Hydro-connectivity, Medium Coastal squeeze","Dams",1525,1000,0.396039603960396
"Low Sediment Supply","Macrotidal, Low Hydro-connectivity, Medium Coastal squeeze","Extreme rainfall",1526,1000,0.395882818685669
"High Sediment Supply","Microtidal, High Hydro-connectivity, Low Coastal squeeze","Dams & Extreme Rainfall",1715,1000,0.368324125230203
"Low Sediment Supply","Mesotidal, High Hydro-connectivity, Low Coastal squeeze","Sea-level rise & Cyclones",1612,1000,0.382848392036753
"High Sediment Supply","Macrotidal, High Hydro-connectivity, Low Coastal squeeze","Sea-level rise & Groundwater extraction",1557,1000,0.391083300743058
"Low Sediment Supply","Microtidal, Low Hydro-connectivity, Low Coastal squeeze","Sea-level rise  & Coastal development",1509,1000,0.398565165404544
"High Sediment Supply","Mesotidal, Low Hydro-connectivity, Low Coastal squeeze","Sea-level rise & Erosion",1534,1000,0.394632991318074
"Low Sediment Supply","Macrotidal, Low Hydro-connectivity, Low Coastal squeeze","Sea-level rise & Drought",1549,1000,0.392310710082385
"High Sediment Supply","Microtidal, High Hydro-connectivity, High Coastal squeeze","Sea-level rise & Dams",1485,1000,0.402414486921529
"Low Sediment Supply","Mesotidal, High Hydro-connectivity, High Coastal squeeze","Sea-level rise & Extreme rainfall",1591,1000,0.385951370127364
"High Sediment Supply","Macrotidal, High Hydro-connectivity, High Coastal squeeze","Sea-level rise",1522,1000,0.396510705789056
"Low Sediment Supply","Microtidal, Low Hydro-connectivity, High Coastal squeeze","Cyclones",1612,1000,0.382848392036753
"High Sediment Supply","Mesotidal, Low Hydro-connectivity, High Coastal squeeze","Groundwater extraction",1599,1000,0.384763370527126
"Low Sediment Supply","Macrotidal, Low Hydro-connectivity, High Coastal squeeze","Coastal development",1448,1000,0.408496732026144
"High Sediment Supply","Microtidal, High Hydro-connectivity, Medium Coastal squeeze","Erosion",1602,1000,0.384319754035357
"Low Sediment Supply","Mesotidal, High Hydro-connectivity, Medium Coastal squeeze","Drought",1625,1000,0.380952380952381
"High Sediment Supply","Macrotidal, High Hydro-connectivity, Medium Coastal squeeze","Dams",1595,1000,0.385356454720617
"Low Sediment Supply","Microtidal, Low Hydro-connectivity, Medium Coastal squeeze","Extreme rainfall",1523,1000,0.396353547364249
"High Sediment Supply","Mesotidal, Low Hydro-connectivity, Medium Coastal squeeze","Dams & Extreme Rainfall",1459,1000,0.406669377795852
"Low Sediment Supply","Macrotidal, Low Hydro-connectivity, Medium Coastal squeeze","Sea-level rise & Cyclones",1609,1000,0.383288616328095
"High Sediment Supply","Microtidal, High Hydro-connectivity, Low Coastal squeeze","Sea-level rise & Groundwater extraction",1674,1000,0.37397157816006
"Low Sediment Supply","Mesotidal, High Hydro-connectivity, Low Coastal squeeze","Sea-level rise  & Coastal development",1531,1000,0.395100750691426
"High Sediment Supply","Macrotidal, High Hydro-connectivity, Low Coastal squeeze","Sea-level rise & Erosion",1574,1000,0.388500388500388
"Low Sediment Supply","Microtidal, Low Hydro-connectivity, Low Coastal squeeze","Sea-level rise & Drought",1644,1000,0.37821482602118
"High Sediment Supply","Mesotidal, Low Hydro-connectivity, Low Coastal squeeze","Sea-level rise & Dams",1547,1000,0.392618767177071
"Low Sediment Supply","Macrotidal, Low Hydro-connectivity, Low Coastal squeeze","Sea-level rise & Extreme rainfall",1488,1000,0.401929260450161
"High Sediment Supply","Microtidal, High Hydro-connectivity, High Coastal squeeze","Sea-level rise",1620,1000,0.381679389312977
"Low Sediment Supply","Mesotidal, High Hydro-connectivity, High Coastal squeeze","Cyclones",1554,1000,0.391542678151919
"High Sediment Supply","Macrotidal, High Hydro-connectivity, High Coastal squeeze","Groundwater extraction",1547,1000,0.392618767177071
"Low Sediment Supply","Microtidal, Low Hydro-connectivity, High Coastal squeeze","Coastal development",1455,1000,0.407331975560081
"High Sediment Supply","Mesotidal, Low Hydro-connectivity, High Coastal squeeze","Erosion",1641,1000,0.378644452858766
"Low Sediment Supply","Macrotidal, Low Hydro-connectivity, High Coastal squeeze","Drought",1669,1000,0.374672161858374
"High Sediment Supply","Microtidal, High Hydro-connectivity, Medium Coastal squeeze","Dams",1553,1000,0.391696043869957
"Low Sediment Supply","Mesotidal, High Hydro-connectivity, Medium Coastal squeeze","Extreme rainfall",1479,1000,0.403388463089956
"High Sediment Supply","Macrotidal, High Hydro-connectivity, Medium Coastal squeeze","Dams & Extreme Rainfall",1691,1000,0.371609067261241
"Low Sediment Supply","Microtidal, Low Hydro-connectivity, Medium Coastal squeeze","Sea-level rise & Cyclones",1628,1000,0.380517503805175
"High Sediment Supply","Mesotidal, Low Hydro-connectivity, Medium Coastal squeeze","Sea-level rise & Groundwater extraction",1674,1000,0.37397157816006
"Low Sediment Supply","Macrotidal, Low Hydro-connectivity, Medium Coastal squeeze","Sea-level rise  & Coastal development",1523,1000,0.396353547364249
"High Sediment Supply","Microtidal, High Hydro-connectivity, Low Coastal squeeze","Sea-level rise & Erosion",1781,1000,0.359582883854729
"Low Sediment Supply","Mesotidal, High Hydro-connectivity, Low Coastal squeeze","Sea-level rise & Drought",1469,1000,0.405022276225192
"High Sediment Supply","Macrotidal, High Hydro-connectivity, Low Coastal squeeze","Sea-level rise & Dams",1518,1000,0.39714058776807
"Low Sediment Supply","Microtidal, Low Hydro-connectivity, Low Coastal squeeze","Sea-level rise & Extreme rainfall",1675,1000,0.373831775700935
"High Sediment Supply","Mesotidal, Low Hydro-connectivity, Low Coastal squeeze","Sea-level rise",1658,1000,0.376222723852521
"Low Sediment Supply","Macrotidal, Low Hydro-connectivity, Low Coastal squeeze","Cyclones",1606,1000,0.383729854182655
"High Sediment Supply","Microtidal, High Hydro-connectivity, High Coastal squeeze","Groundwater extraction",1637,1000,0.379218809252939
"Low Sediment Supply","Mesotidal, High Hydro-connectivity, High Coastal squeeze","Coastal development",1491,1000,0.401445202729827
"High Sediment Supply","Macrotidal, High Hydro-connectivity, High Coastal squeeze","Erosion",1579,1000,0.387747188832881
"Low Sediment Supply","Microtidal, Low Hydro-connectivity, High Coastal squeeze","Drought",1642,1000,0.378501135503407
"High Sediment Supply","Mesotidal, Low Hydro-connectivity, High Coastal squeeze","Dams",1577,1000,0.388048117966628
"Low Sediment Supply","Macrotidal, Low Hydro-connectivity, High Coastal squeeze","Extreme rainfall",1556,1000,0.391236306729264
"High Sediment Supply","Microtidal, High Hydro-connectivity, Medium Coastal squeeze","Dams & Extreme Rainfall",1608,1000,0.383435582822086
"Low Sediment Supply","Mesotidal, High Hydro-connectivity, Medium Coastal squeeze","Sea-level rise & Cyclones",1597,1000,0.385059684251059
"High Sediment Supply","Macrotidal, High Hydro-connectivity, Medium Coastal squeeze","Sea-level rise & Groundwater extraction",1601,1000,0.384467512495194
"Low Sediment Supply","Microtidal, Low Hydro-connectivity, Medium Coastal squeeze","Sea-level rise  & Coastal development",1594,1000,0.38550501156515
"High Sediment Supply","Mesotidal, Low Hydro-connectivity, Medium Coastal squeeze","Sea-level rise & Erosion",1518,1000,0.39714058776807
"Low Sediment Supply","Macrotidal, Low Hydro-connectivity, Medium Coastal squeeze","Sea-level rise & Drought",1501,1000,0.39984006397441
"High Sediment Supply","Microtidal, High Hydro-connectivity, Low Coastal squeeze","Sea-level rise & Dams",1459,1000,0.406669377795852
"Low Sediment Supply","Mesotidal, High Hydro-connectivity, Low Coastal squeeze","Sea-level rise & Extreme rainfall",1525,1000,0.396039603960396
"High Sediment Supply","Macrotidal, High Hydro-connectivity, Low Coastal squeeze","Sea-level rise",1487,1000,0.402090872537193
"Low Sediment Supply","Microtidal, Low Hydro-connectivity, Low Coastal squeeze","Cyclones",1652,1000,0.377073906485671
"High Sediment Supply","Mesotidal, Low Hydro-connectivity, Low Coastal squeeze","Groundwater extraction",1636,1000,0.379362670713202
"Low Sediment Supply","Macrotidal, Low Hydro-connectivity, Low Coastal squeeze","Coastal development",1600,1000,0.384615384615385
"High Sediment Supply","Microtidal, High Hydro-connectivity, High Coastal squeeze","Erosion",1545,1000,0.392927308447937
"Low Sediment Supply","Mesotidal, High Hydro-connectivity, High Coastal squeeze","Drought",1498,1000,0.400320256204964
"High Sediment Supply","Macrotidal, High Hydro-connectivity, High Coastal squeeze","Dams",1515,1000,0.397614314115308
"Low Sediment Supply","Microtidal, Low Hydro-connectivity, High Coastal squeeze","Extreme rainfall",1507,1000,0.398883127243718
"High Sediment Supply","Mesotidal, Low Hydro-connectivity, High Coastal squeeze","Dams & Extreme Rainfall",1544,1000,0.393081761006289
"Low Sediment Supply","Macrotidal, Low Hydro-connectivity, High Coastal squeeze","Sea-level rise & Cyclones",1516,1000,0.397456279809221
"High Sediment Supply","Microtidal, High Hydro-connectivity, Medium Coastal squeeze","Sea-level rise & Groundwater extraction",1581,1000,0.387446726075165
"Low Sediment Supply","Mesotidal, High Hydro-connectivity, Medium Coastal squeeze","Sea-level rise  & Coastal development",1594,1000,0.38550501156515
"High Sediment Supply","Macrotidal, High Hydro-connectivity, Medium Coastal squeeze","Sea-level rise & Erosion",1645,1000,0.378071833648393
"Low Sediment Supply","Microtidal, Low Hydro-connectivity, Medium Coastal squeeze","Sea-level rise & Drought",1444,1000,0.409165302782324
"High Sediment Supply","Mesotidal, Low Hydro-connectivity, Medium Coastal squeeze","Sea-level rise & Dams",1537,1000,0.394166338194718
"Low Sediment Supply","Macrotidal, Low Hydro-connectivity, Medium Coastal squeeze","Sea-level rise & Extreme rainfall",1565,1000,0.389863547758285
"High Sediment Supply","Microtidal, High Hydro-connectivity, Low Coastal squeeze","Sea-level rise",1565,1000,0.389863547758285
"Low Sediment Supply","Mesotidal, High Hydro-connectivity, Low Coastal squeeze","Cyclones",1502,1000,0.399680255795364
"High Sediment Supply","Macrotidal, High Hydro-connectivity, Low Coastal squeeze","Groundwater extraction",1501,1000,0.39984006397441
"Low Sediment Supply","Microtidal, Low Hydro-connectivity, Low Coastal squeeze","Coastal development",1613,1000,0.382701875239189
"High Sediment Supply","Mesotidal, Low Hydro-connectivity, Low Coastal squeeze","Erosion",1605,1000,0.383877159309021
"Low Sediment Supply","Macrotidal, Low Hydro-connectivity, Low Coastal squeeze","Drought",1574,1000,0.388500388500388
"High Sediment Supply","Microtidal, High Hydro-connectivity, High Coastal squeeze","Dams",1499,1000,0.40016006402561
"Low Sediment Supply","Mesotidal, High Hydro-connectivity, High Coastal squeeze","Extreme rainfall",1538,1000,0.394011032308905
"High Sediment Supply","Macrotidal, High Hydro-connectivity, High Coastal squeeze","Dams & Extreme Rainfall",1505,1000,0.399201596806387
"Low Sediment Supply","Microtidal, Low Hydro-connectivity, High Coastal squeeze","Sea-level rise & Cyclones",1471,1000,0.404694455685957
"High Sediment Supply","Mesotidal, Low Hydro-connectivity, High Coastal squeeze","Sea-level rise & Groundwater extraction",1557,1000,0.391083300743058
"Low Sediment Supply","Macrotidal, Low Hydro-connectivity, High Coastal squeeze","Sea-level rise  & Coastal development",1538,1000,0.394011032308905
"High Sediment Supply","Microtidal, High Hydro-connectivity, Medium Coastal squeeze","Sea-level rise & Erosion",1580,1000,0.387596899224806
"Low Sediment Supply","Mesotidal, High Hydro-connectivity, Medium Coastal squeeze","Sea-level rise & Drought",1620,1000,0.381679389312977
"High Sediment Supply","Macrotidal, High Hydro-connectivity, Medium Coastal squeeze","Sea-level rise & Dams",1532,1000,0.394944707740916
"Low Sediment Supply","Microtidal, Low Hydro-connectivity, Medium Coastal squeeze","Sea-level rise & Extreme rainfall",1479,1000,0.403388463089956
"High Sediment Supply","Mesotidal, Low Hydro-connectivity, Medium Coastal squeeze","Sea-level rise",1503,1000,0.399520575309628
"Low Sediment Supply","Macrotidal, Low Hydro-connectivity, Medium Coastal squeeze","Cyclones",1670,1000,0.374531835205993
"High Sediment Supply","Microtidal, High Hydro-connectivity, Low Coastal squeeze","Groundwater extraction",1531,1000,0.395100750691426
"Low Sediment Supply","Mesotidal, High Hydro-connectivity, Low Coastal squeeze","Coastal development",1542,1000,0.3933910306845
"High Sediment Supply","Macrotidal, High Hydro-connectivity, Low Coastal squeeze","Erosion",1675,1000,0.373831775700935
"Low Sediment Supply","Microtidal, Low Hydro-connectivity, Low Coastal squeeze","Drought",1524,1000,0.396196513470681
"High Sediment Supply","Mesotidal, Low Hydro-connectivity, Low Coastal squeeze","Dams",1516,1000,0.397456279809221
"Low Sediment Supply","Macrotidal, Low Hydro-connectivity, Low Coastal squeeze","Extreme rainfall",1575,1000,0.388349514563107
"High Sediment Supply","Microtidal, High Hydro-connectivity, High Coastal squeeze","Dams & Extreme Rainfall",1576,1000,0.388198757763975
"Low Sediment Supply","Mesotidal, High Hydro-connectivity, High Coastal squeeze","Sea-level rise & Cyclones",1591,1000,0.385951370127364
"High Sediment Supply","Macrotidal, High Hydro-connectivity, High Coastal squeeze","Sea-level rise & Groundwater extraction",1500,1000,0.4
"Low Sediment Supply","Microtidal, Low Hydro-connectivity, High Coastal squeeze","Sea-level rise  & Coastal development",1609,1000,0.383288616328095
"High Sediment Supply","Mesotidal, Low Hydro-connectivity, High Coastal squeeze","Sea-level rise & Erosion",1611,1000,0.382995021064726
"Low Sediment Supply","Macrotidal, Low Hydro-connectivity, High Coastal squeeze","Sea-level rise & Drought",1624,1000,0.38109756097561
"High Sediment Supply","Microtidal, High Hydro-connectivity, Medium Coastal squeeze","Sea-level rise & Dams",1447,1000,0.408663669799755
"Low Sediment Supply","Mesotidal, High Hydro-connectivity, Medium Coastal squeeze","Sea-level rise & Extreme rainfall",1631,1000,0.380083618396047
"High Sediment Supply","Macrotidal, High Hydro-connectivity, Medium Coastal squeeze","Sea-level rise",1616,1000,0.382262996941896
"Low Sediment Supply","Microtidal, Low Hydro-connectivity, Medium Coastal squeeze","Cyclones",1378,1000,0.420521446593776
"High Sediment Supply","Mesotidal, Low Hydro-connectivity, Medium Coastal squeeze","Groundwater extraction",1534,1000,0.394632991318074
"Low Sediment Supply","Macrotidal, Low Hydro-connectivity, Medium Coastal squeeze","Coastal development",1527,1000,0.395726157499011
"High Sediment Supply","Microtidal, High Hydro-connectivity, Low Coastal squeeze","Erosion",1627,1000,0.380662352493338
"Low Sediment Supply","Mesotidal, High Hydro-connectivity, Low Coastal squeeze","Drought",1605,1000,0.383877159309021
"High Sediment Supply","Macrotidal, High Hydro-connectivity, Low Coastal squeeze","Dams",1492,1000,0.401284109149278
"Low Sediment Supply","Microtidal, Low Hydro-connectivity, Low Coastal squeeze","Extreme rainfall",1604,1000,0.384024577572965
"High Sediment Supply","Mesotidal, Low Hydro-connectivity, Low Coastal squeeze","Dams & Extreme Rainfall",1516,1000,0.397456279809221
"Low Sediment Supply","Macrotidal, Low Hydro-connectivity, Low Coastal squeeze","Sea-level rise & Cyclones",1650,1000,0.377358490566038
"High Sediment Supply","Microtidal, High Hydro-connectivity, High Coastal squeeze","Sea-level rise & Groundwater extraction",1609,1000,0.383288616328095
"Low Sediment Supply","Mesotidal, High Hydro-connectivity, High Coastal squeeze","Sea-level rise  & Coastal development",1546,1000,0.392772977219167
"High Sediment Supply","Macrotidal, High Hydro-connectivity, High Coastal squeeze","Sea-level rise & Erosion",1540,1000,0.393700787401575
"Low Sediment Supply","Microtidal, Low Hydro-connectivity, High Coastal squeeze","Sea-level rise & Drought",1509,1000,0.398565165404544
"High Sediment Supply","Mesotidal, Low Hydro-connectivity, High Coastal squeeze","Sea-level rise & Dams",1555,1000,0.391389432485323
"Low Sediment Supply","Macrotidal, Low Hydro-connectivity, High Coastal squeeze","Sea-level rise & Extreme rainfall",1550,1000,0.392156862745098
"High Sediment Supply","Microtidal, High Hydro-connectivity, Medium Coastal squeeze","Sea-level rise",1589,1000,0.386249517188104
"Low Sediment Supply","Mesotidal, High Hydro-connectivity, Medium Coastal squeeze","Cyclones",1526,1000,0.395882818685669
"High Sediment Supply","Macrotidal, High Hydro-connectivity, Medium Coastal squeeze","Groundwater extraction",1514,1000,0.397772474144789
"Low Sediment Supply","Microtidal, Low Hydro-connectivity, Medium Coastal squeeze","Coastal development",1504,1000,0.399361022364217
"High Sediment Supply","Mesotidal, Low Hydro-connectivity, Medium Coastal squeeze","Erosion",1466,1000,0.40551500405515
"Low Sediment Supply","Macrotidal, Low Hydro-connectivity, Medium Coastal squeeze","Drought",1594,1000,0.38550501156515
"High Sediment Supply","Microtidal, High Hydro-connectivity, Low Coastal squeeze","Dams",1660,1000,0.37593984962406
"Low Sediment Supply","Mesotidal, High Hydro-connectivity, Low Coastal squeeze","Extreme rainfall",1684,1000,0.3725782414307
"High Sediment Supply","Macrotidal, High Hydro-connectivity, Low Coastal squeeze","Dams & Extreme Rainfall",1699,1000,0.370507595405706
"Low Sediment Supply","Microtidal, Low Hydro-connectivity, Low Coastal squeeze","Sea-level rise & Cyclones",1512,1000,0.398089171974522
"High Sediment Supply","Mesotidal, Low Hydro-connectivity, Low Coastal squeeze","Sea-level rise & Groundwater extraction",1565,1000,0.389863547758285
"Low Sediment Supply","Macrotidal, Low Hydro-connectivity, Low Coastal squeeze","Sea-level rise  & Coastal development",1541,1000,0.393545848091303
"High Sediment Supply","Microtidal, High Hydro-connectivity, High Coastal squeeze","Sea-level rise & Erosion",1549,1000,0.392310710082385
"Low Sediment Supply","Mesotidal, High Hydro-connectivity, High Coastal squeeze","Sea-level rise & Drought",1525,1000,0.396039603960396
"High Sediment Supply","Macrotidal, High Hydro-connectivity, High Coastal squeeze","Sea-level rise & Dams",1594,1000,0.38550501156515
"Low Sediment Supply","Microtidal, Low Hydro-connectivity, High Coastal squeeze","Sea-level rise & Extreme rainfall",1673,1000,0.374111485222596
"High Sediment Supply","Mesotidal, Low Hydro-connectivity, High Coastal squeeze","Sea-level rise",1573,1000,0.388651379712398
"Low Sediment Supply","Macrotidal, Low Hydro-connectivity, High Coastal squeeze","Cyclones",1524,1000,0.396196513470681
"High Sediment Supply","Microtidal, High Hydro-connectivity, Medium Coastal squeeze","Groundwater extraction",1551,1000,0.392003136025088
"Low Sediment Supply","Mesotidal, High Hydro-connectivity, Medium Coastal squeeze","Coastal development",1588,1000,0.386398763523957
"High Sediment Supply","Macrotidal, High Hydro-connectivity, Medium Coastal squeeze","Erosion",1531,1000,0.395100750691426
"Low Sediment Supply","Microtidal, Low Hydro-connectivity, Medium Coastal squeeze","Drought",1589,1000,0.386249517188104
"High Sediment Supply","Mesotidal, Low Hydro-connectivity, Medium Coastal squeeze","Dams",1603,1000,0.384172109104879
"Low Sediment Supply","Macrotidal, Low Hydro-connectivity, Medium Coastal squeeze","Extreme rainfall",1587,1000,0.386548125241593
"High Sediment Supply","Microtidal, High Hydro-connectivity, Low Coastal squeeze","Dams & Extreme Rainfall",1585,1000,0.386847195357834
"Low Sediment Supply","Mesotidal, High Hydro-connectivity, Low Coastal squeeze","Sea-level rise & Cyclones",1592,1000,0.385802469135802
"High Sediment Supply","Macrotidal, High Hydro-connectivity, Low Coastal squeeze","Sea-level rise & Groundwater extraction",1546,1000,0.392772977219167
"Low Sediment Supply","Microtidal, Low Hydro-connectivity, Low Coastal squeeze","Sea-level rise  & Coastal development",1457,1000,0.407000407000407
"High Sediment Supply","Mesotidal, Low Hydro-connectivity, Low Coastal squeeze","Sea-level rise & Erosion",1592,1000,0.385802469135802
"Low Sediment Supply","Macrotidal, Low Hydro-connectivity, Low Coastal squeeze","Sea-level rise & Drought",1636,1000,0.379362670713202
"High Sediment Supply","Microtidal, High Hydro-connectivity, High Coastal squeeze","Sea-level rise & Dams",1556,1000,0.391236306729264
"Low Sediment Supply","Mesotidal, High Hydro-connectivity, High Coastal squeeze","Sea-level rise & Extreme rainfall",1595,1000,0.385356454720617
"High Sediment Supply","Macrotidal, High Hydro-connectivity, High Coastal squeeze","Sea-level rise",1649,1000,0.377500943752359
"Low Sediment Supply","Microtidal, Low Hydro-connectivity, High Coastal squeeze","Cyclones",1661,1000,0.375798571965427
"High Sediment Supply","Mesotidal, Low Hydro-connectivity, High Coastal squeeze","Groundwater extraction",1686,1000,0.372300819061802
"Low Sediment Supply","Macrotidal, Low Hydro-connectivity, High Coastal squeeze","Coastal development",1478,1000,0.403551251008878
"High Sediment Supply","Microtidal, High Hydro-connectivity, Medium Coastal squeeze","Erosion",1510,1000,0.398406374501992
"Low Sediment Supply","Mesotidal, High Hydro-connectivity, Medium Coastal squeeze","Drought",1559,1000,0.390777647518562
"High Sediment Supply","Macrotidal, High Hydro-connectivity, Medium Coastal squeeze","Dams",1589,1000,0.386249517188104
"Low Sediment Supply","Microtidal, Low Hydro-connectivity, Medium Coastal squeeze","Extreme rainfall",1599,1000,0.384763370527126
"High Sediment Supply","Mesotidal, Low Hydro-connectivity, Medium Coastal squeeze","Dams & Extreme Rainfall",1668,1000,0.374812593703148
"Low Sediment Supply","Macrotidal, Low Hydro-connectivity, Medium Coastal squeeze","Sea-level rise & Cyclones",1481,1000,0.403063280935107
"High Sediment Supply","Microtidal, High Hydro-connectivity, Low Coastal squeeze","Sea-level rise & Groundwater extraction",1531,1000,0.395100750691426
"Low Sediment Supply","Mesotidal, High Hydro-connectivity, Low Coastal squeeze","Sea-level rise  & Coastal development",1561,1000,0.390472471690746
"High Sediment Supply","Macrotidal, High Hydro-connectivity, Low Coastal squeeze","Sea-level rise & Erosion",1568,1000,0.389408099688474
"Low Sediment Supply","Microtidal, Low Hydro-connectivity, Low Coastal squeeze","Sea-level rise & Drought",1465,1000,0.405679513184584
"High Sediment Supply","Mesotidal, Low Hydro-connectivity, Low Coastal squeeze","Sea-level rise & Dams",1510,1000,0.398406374501992
"Low Sediment Supply","Macrotidal, Low Hydro-connectivity, Low Coastal squeeze","Sea-level rise & Extreme rainfall",1477,1000,0.40371417036738
